#,Name,Type,Protoform Utility,Velocity Ability,Clash Power,Clash Defense,AP Cost,Max Energy Pips,Rarity,Wall Breaker,Knockback,Wall Maker,Bridge Maker,AOE Blast,Hazard Maker,Causes Blind,Causes Snare,Causes Shock,Causes Jam,Pierces Walls,Causes Chain,Ricochets,Ultra Fast,Causes Invisible,Causes Fear,Causes Confusion,Trail Wall,Clash Tripled,Cone Blast,Spawns Pods,Mirage Decoy,Star Wall,Anchor Zone,Voids Fire Clash,Clears Fire Terrain,Causes Disarm,Disarm Zone,Mind Scramble,Swaps Position,Friction Shift,Crosswind Zone,Skips Reload,Emotion Surge,Uncounterable,Damage Tripled,Static Mark,Tempo Aura,Power Surge
1,Aquabeek,Water,Shoots clean squirts of fresh water for drinking or washing away small debris.,Fires a high-pressure jet of water that blasts heavy objects aside and puts out fires.,4,4,1,12,2,FALSE,TRUE,FALSE,FALSE,FALSE,FALSE,FALSE,FALSE,FALSE,FALSE,FALSE,FALSE,FALSE,FALSE,FALSE,FALSE,FALSE,FALSE,FALSE,FALSE,FALSE,FALSE,FALSE,FALSE,FALSE,FALSE,FALSE,FALSE,FALSE,FALSE,FALSE,FALSE,FALSE,FALSE,FALSE,FALSE,FALSE,FALSE,FALSE
2,Arachnet,Unique,"Spins strong silk strands useful for grappling lines, securing cargo, or tying knots.","Shoots sticky webbing that traps targets in a net, and can spin web trampolines to bounce off.",3,6,2,10,4,FALSE,FALSE,TRUE,TRUE,FALSE,FALSE,FALSE,FALSE,FALSE,FALSE,FALSE,FALSE,FALSE,FALSE,FALSE,FALSE,FALSE,FALSE,FALSE,FALSE,FALSE,FALSE,FALSE,FALSE,FALSE,FALSE,FALSE,FALSE,FALSE,FALSE,FALSE,FALSE,FALSE,FALSE,FALSE,FALSE,FALSE,FALSE,FALSE
3,Armashelt,Metal,Deflects minor incoming projectiles off its tough outer shell or acts as a doorstop.,"Curls up and rolls forward like a wrecking ball, flattening fortifications in its path.",6,9,2,8,6,TRUE,TRUE,FALSE,FALSE,FALSE,FALSE,FALSE,FALSE,FALSE,FALSE,FALSE,FALSE,FALSE,FALSE,FALSE,FALSE,FALSE,FALSE,FALSE,FALSE,FALSE,FALSE,FALSE,FALSE,FALSE,FALSE,FALSE,FALSE,FALSE,FALSE,FALSE,FALSE,FALSE,FALSE,FALSE,FALSE,FALSE,FALSE,FALSE
4,Blastipede,Fire,"Leaves small, benign glowing dots that can mark paths or serve as signal markers.",Leaves explosive mines across the field that go off when stepped on or when the slinger sets them off.,5,3,3,6,5,TRUE,TRUE,FALSE,FALSE,FALSE,TRUE,FALSE,FALSE,FALSE,FALSE,FALSE,FALSE,FALSE,FALSE,FALSE,FALSE,FALSE,FALSE,FALSE,FALSE,FALSE,FALSE,FALSE,FALSE,FALSE,FALSE,FALSE,FALSE,FALSE,FALSE,FALSE,FALSE,FALSE,FALSE,FALSE,FALSE,FALSE,FALSE,FALSE
5,Boon Doc,Healing,Emits a soothing light that heals minor cuts and relieves fatigue.,"Sends out healing light that cures Ghoul Slugs, mends serious injuries and purifies dark energy.",1,3,2,8,9,FALSE,FALSE,FALSE,FALSE,FALSE,FALSE,FALSE,FALSE,FALSE,FALSE,FALSE,FALSE,FALSE,FALSE,FALSE,FALSE,FALSE,FALSE,FALSE,FALSE,FALSE,FALSE,FALSE,FALSE,FALSE,FALSE,FALSE,FALSE,FALSE,FALSE,FALSE,FALSE,FALSE,FALSE,FALSE,FALSE,FALSE,FALSE,FALSE
6,Bubbaleone,Water,"Blows durable, buoyant bubbles that act as soft cushions, floating rafts, or makeshift storage containers.","Launches huge soap bubbles that trap enemies inside, or that can be used to soak up a heavy impact.",3,8,2,10,3,FALSE,FALSE,FALSE,TRUE,FALSE,FALSE,FALSE,FALSE,FALSE,FALSE,FALSE,FALSE,FALSE,FALSE,FALSE,FALSE,FALSE,FALSE,FALSE,FALSE,FALSE,FALSE,FALSE,FALSE,FALSE,FALSE,FALSE,FALSE,FALSE,FALSE,FALSE,FALSE,FALSE,FALSE,FALSE,FALSE,FALSE,FALSE,FALSE
7,Crystalyd,Earth,Focuses ambient light into sharp crystalline beams to mark stone walls.,"Drills through solid rock at speed, opening up tunnels as it goes.",5,5,2,10,4,TRUE,FALSE,FALSE,FALSE,FALSE,FALSE,FALSE,FALSE,FALSE,FALSE,FALSE,FALSE,FALSE,FALSE,FALSE,FALSE,FALSE,FALSE,FALSE,FALSE,FALSE,FALSE,FALSE,FALSE,FALSE,FALSE,FALSE,FALSE,FALSE,FALSE,FALSE,FALSE,FALSE,FALSE,FALSE,FALSE,FALSE,FALSE,FALSE
8,Diggrix,Earth,Scoops away soft dirt quickly to create small trenches or shelters.,"Digs wide trenches, shakes the ground, and throws large boulders at opponents.",4,5,2,8,4,TRUE,TRUE,FALSE,FALSE,TRUE,FALSE,FALSE,FALSE,FALSE,FALSE,FALSE,FALSE,FALSE,FALSE,FALSE,FALSE,FALSE,FALSE,FALSE,FALSE,FALSE,FALSE,FALSE,FALSE,FALSE,FALSE,FALSE,FALSE,FALSE,FALSE,FALSE,FALSE,FALSE,FALSE,FALSE,FALSE,FALSE,FALSE,FALSE
9,Dirt Urchin,Earth,"Shoots tiny, soft quills that stick to surfaces, useful for marking trails or setting minor traps.",Fires a volley of sharp quills that pin targets to walls and leave spiked hazards on the ground.,4,4,1,12,3,FALSE,FALSE,FALSE,FALSE,FALSE,TRUE,FALSE,FALSE,FALSE,FALSE,FALSE,FALSE,FALSE,FALSE,FALSE,FALSE,FALSE,FALSE,FALSE,FALSE,FALSE,FALSE,FALSE,FALSE,FALSE,FALSE,FALSE,FALSE,FALSE,FALSE,FALSE,FALSE,FALSE,FALSE,FALSE,FALSE,FALSE,FALSE,FALSE
10,Enigmo,Light,Produces a soft aura and aids in locating hidden paths or ancient slug lore.,Greatly boosts the power of any slug fired with it, pulls other slugs toward where it was shot, and stops enemy slugs from transforming.,1,1,2,6,8,FALSE,FALSE,FALSE,FALSE,FALSE,FALSE,FALSE,FALSE,FALSE,FALSE,FALSE,FALSE,FALSE,FALSE,FALSE,FALSE,FALSE,FALSE,FALSE,FALSE,FALSE,FALSE,FALSE,FALSE,FALSE,FALSE,FALSE,FALSE,FALSE,FALSE,FALSE,FALSE,FALSE,FALSE,FALSE,FALSE,FALSE,FALSE,FALSE
11,Fandango,Energy,Keeps every slug in its slinger's blaster full of energy while it is equipped: they come back from a shot sooner and can keep fighting for longer before running dry.,"Whoever it hits is thrown off balance: for their next few turns, their shots have a real chance of flying completely backwards. Once it has been shot, every other slug fired in the same turn hits twice as hard.",6,4,2,8,7,FALSE,FALSE,TRUE,FALSE,FALSE,FALSE,FALSE,FALSE,FALSE,FALSE,FALSE,FALSE,FALSE,FALSE,FALSE,FALSE,TRUE,FALSE,FALSE,FALSE,FALSE,FALSE,FALSE,FALSE,FALSE,FALSE,FALSE,FALSE,FALSE,FALSE,FALSE,FALSE,FALSE,FALSE,FALSE,FALSE,FALSE,TRUE,TRUE
12,Firenzar,Fire,Leaves glowing trail marks that stay hot for several minutes to track back through cold caverns.,"Races across the field and hits the target with a fast strike, leaving a wall of fire along the path it ran.",4,4,2,10,4,FALSE,TRUE,TRUE,FALSE,FALSE,TRUE,FALSE,FALSE,FALSE,FALSE,FALSE,FALSE,FALSE,FALSE,FALSE,FALSE,FALSE,FALSE,FALSE,FALSE,FALSE,FALSE,FALSE,FALSE,FALSE,FALSE,FALSE,FALSE,FALSE,FALSE,FALSE,FALSE,FALSE,FALSE,FALSE,FALSE,FALSE,FALSE,FALSE
13,Flaringo,Fire,"Emits a bright, glowing flame from its head that can illuminate dark caverns, ignite campfires or fuses, and thaw frozen locks without expending energy pips.","Flies straight at a single target and burns it on impact, leaving a wall of flame along its whole path.",4,4,2,10,5,FALSE,FALSE,TRUE,FALSE,FALSE,TRUE,FALSE,FALSE,FALSE,FALSE,FALSE,FALSE,FALSE,FALSE,FALSE,FALSE,FALSE,TRUE,FALSE,FALSE,FALSE,FALSE,FALSE,FALSE,FALSE,FALSE,FALSE,FALSE,FALSE,FALSE,FALSE,FALSE,FALSE,FALSE,FALSE,FALSE,FALSE,FALSE,FALSE
14,Flatulorhinkus,Toxic,"Releases tiny, harmless puffs of foul-smelling gas to deter small creatures or clear personal space.",Sprays a wide cloud of foul gas that paralyzes or blinds everyone caught in it.,3,5,2,8,3,FALSE,FALSE,FALSE,FALSE,TRUE,TRUE,FALSE,FALSE,FALSE,FALSE,FALSE,FALSE,FALSE,FALSE,FALSE,FALSE,FALSE,FALSE,FALSE,FALSE,FALSE,FALSE,FALSE,FALSE,FALSE,FALSE,FALSE,FALSE,FALSE,FALSE,FALSE,FALSE,FALSE,FALSE,FALSE,FALSE,FALSE,FALSE,FALSE
15,Flopper,None,"Squirts a harmless drop of water or flops around uselessly, offering mild moral support or serving as a distraction.",Doesn't transform. It just flies through the air and bounces harmlessly off its target.,1,1,1,6,1,FALSE,FALSE,FALSE,FALSE,FALSE,FALSE,FALSE,FALSE,FALSE,FALSE,FALSE,FALSE,FALSE,FALSE,FALSE,FALSE,FALSE,FALSE,FALSE,FALSE,FALSE,FALSE,FALSE,FALSE,FALSE,FALSE,FALSE,FALSE,FALSE,FALSE,FALSE,FALSE,FALSE,FALSE,FALSE,FALSE,FALSE,FALSE,FALSE
16,Forgesmelter,Fire,Generates extreme localized heat capable of welding broken metal or rapidly heating tools.,Sprays streams of molten magma that melt enemy equipment and leave pools of burning slag.,5,6,3,6,6,TRUE,FALSE,TRUE,FALSE,FALSE,TRUE,FALSE,FALSE,FALSE,FALSE,FALSE,FALSE,FALSE,FALSE,FALSE,FALSE,FALSE,FALSE,FALSE,FALSE,FALSE,FALSE,FALSE,FALSE,FALSE,FALSE,FALSE,FALSE,FALSE,FALSE,FALSE,FALSE,FALSE,FALSE,FALSE,FALSE,FALSE,FALSE,FALSE
17,Frightgeist,Dark,Distorts nearby light and shadows to spook wild animals or send eerie signals.,"Passes through solid objects and terrifies whoever it hits, who spends their whole next turn running away from where the shot came from.",6,3,2,8,5,FALSE,FALSE,FALSE,FALSE,FALSE,FALSE,FALSE,FALSE,FALSE,FALSE,FALSE,FALSE,FALSE,FALSE,FALSE,TRUE,FALSE,FALSE,FALSE,FALSE,FALSE,FALSE,FALSE,FALSE,FALSE,FALSE,FALSE,FALSE,FALSE,FALSE,FALSE,FALSE,FALSE,FALSE,FALSE,FALSE,FALSE,FALSE,FALSE
18,Frostcrawler,Ice,"Instantly cools water, freezes small puddles into footholds, or chills rations.","Fires sharp icicles, freezes targets solid in ice, and can build large ice walls.",5,6,2,10,4,FALSE,FALSE,TRUE,FALSE,FALSE,FALSE,FALSE,FALSE,FALSE,FALSE,FALSE,FALSE,FALSE,FALSE,FALSE,FALSE,FALSE,FALSE,FALSE,FALSE,FALSE,FALSE,FALSE,FALSE,FALSE,FALSE,FALSE,FALSE,FALSE,FALSE,FALSE,FALSE,FALSE,FALSE,FALSE,FALSE,FALSE,FALSE,FALSE
19,Gazzer,Air,Emits tiny puffs of gas that cause mild giggling or lightheadedness.,"Fills the area with laughing gas, leaving opponents too helpless with laughter to fight.",3,4,2,8,3,FALSE,FALSE,FALSE,FALSE,FALSE,FALSE,FALSE,FALSE,FALSE,FALSE,FALSE,FALSE,FALSE,FALSE,FALSE,FALSE,FALSE,FALSE,FALSE,FALSE,FALSE,FALSE,FALSE,FALSE,FALSE,FALSE,FALSE,FALSE,FALSE,FALSE,FALSE,FALSE,FALSE,FALSE,FALSE,FALSE,FALSE,FALSE,FALSE
20,Geoshard,Earth,Creates small decorative quartz-like crystals on surfaces to reflect light.,Fires razor-sharp shards of glass and builds crystal shields that reflect beam attacks back at the attacker.,5,8,2,8,5,FALSE,FALSE,TRUE,FALSE,FALSE,FALSE,FALSE,FALSE,FALSE,FALSE,FALSE,FALSE,FALSE,FALSE,FALSE,FALSE,FALSE,FALSE,FALSE,FALSE,FALSE,FALSE,FALSE,FALSE,FALSE,FALSE,FALSE,FALSE,FALSE,FALSE,FALSE,FALSE,FALSE,FALSE,FALSE,FALSE,FALSE,FALSE,FALSE
21,Grenuke,Fire,Generates low-frequency ticking vibrations to signal danger or test structural stability.,"Explodes on contact with enormous force, destroying obstacles and heavy armor.",6,2,3,2,5,TRUE,TRUE,FALSE,FALSE,FALSE,FALSE,FALSE,FALSE,FALSE,FALSE,FALSE,FALSE,FALSE,FALSE,FALSE,FALSE,FALSE,FALSE,FALSE,FALSE,FALSE,FALSE,FALSE,FALSE,FALSE,FALSE,FALSE,FALSE,FALSE,FALSE,FALSE,FALSE,FALSE,FALSE,FALSE,FALSE,FALSE,FALSE,FALSE
22,Hexlet,Dark,"Causes minor unlucky glitches in nearby electronics, like flickering lights or faulty sensors.","Curses the target's blaster. Whether the shot hits or misses, their next shot misfires.",3,5,2,8,6,FALSE,FALSE,FALSE,FALSE,FALSE,FALSE,FALSE,FALSE,FALSE,TRUE,FALSE,FALSE,FALSE,FALSE,FALSE,FALSE,FALSE,FALSE,FALSE,FALSE,FALSE,FALSE,FALSE,FALSE,FALSE,FALSE,FALSE,FALSE,FALSE,FALSE,FALSE,FALSE,FALSE,FALSE,FALSE,FALSE,FALSE,FALSE,FALSE
23,Hop Rock,Earth,"Generates small, controlled micro-blasts useful for cracking nuts or starting small rockslides.","Bounces unpredictably across the ground, then bursts into a spray of explosive fragments.",5,3,2,8,4,TRUE,TRUE,FALSE,FALSE,TRUE,FALSE,FALSE,FALSE,FALSE,FALSE,FALSE,FALSE,FALSE,FALSE,FALSE,FALSE,FALSE,FALSE,FALSE,FALSE,FALSE,FALSE,FALSE,FALSE,FALSE,FALSE,FALSE,FALSE,FALSE,FALSE,FALSE,FALSE,FALSE,FALSE,FALSE,FALSE,FALSE,FALSE,FALSE
24,Hoverbug,Air,"Creates light breezes to clear smoke, dust, or cool down companions while hovering in place.",Whips up strong gusts of wind that carry allies across gaps and push incoming slug shots away.,3,6,2,10,3,FALSE,TRUE,FALSE,TRUE,FALSE,FALSE,FALSE,FALSE,FALSE,FALSE,FALSE,FALSE,FALSE,FALSE,FALSE,FALSE,FALSE,FALSE,FALSE,FALSE,FALSE,FALSE,FALSE,FALSE,FALSE,FALSE,FALSE,FALSE,FALSE,FALSE,FALSE,FALSE,FALSE,FALSE,FALSE,FALSE,FALSE,FALSE,FALSE
25,Hypnogrif,Psychic,Emits low-frequency waves that make nearby creatures feel calm or drowsy.,"Hypnotizes opponents, leaving them confused or in a deep trance.",3,5,2,8,5,FALSE,FALSE,FALSE,FALSE,FALSE,FALSE,FALSE,FALSE,FALSE,FALSE,FALSE,FALSE,FALSE,FALSE,FALSE,FALSE,FALSE,FALSE,FALSE,FALSE,FALSE,FALSE,FALSE,FALSE,FALSE,FALSE,FALSE,FALSE,FALSE,FALSE,FALSE,FALSE,FALSE,FALSE,FALSE,FALSE,FALSE,FALSE,FALSE
26,Infurnus,Fire,"Produces small controlled flames for lighting torches, warming allies, or welding small metal objects.","Flies at extreme speed, spewing lava streams and leaving barriers of fire behind.",5,5,3,8,6,FALSE,FALSE,TRUE,FALSE,FALSE,TRUE,FALSE,FALSE,FALSE,FALSE,FALSE,FALSE,FALSE,FALSE,FALSE,FALSE,FALSE,FALSE,FALSE,FALSE,FALSE,FALSE,FALSE,FALSE,FALSE,FALSE,FALSE,FALSE,FALSE,FALSE,FALSE,FALSE,FALSE,FALSE,FALSE,FALSE,FALSE,FALSE,FALSE
27,Jellyish,Unique,"Produces small droplets of non-toxic adhesive, perfect for quick makeshift repairs.","Launches globs of sticky slime that hold opponents in place, or that can cushion a heavy fall.",3,7,2,10,4,FALSE,FALSE,FALSE,FALSE,FALSE,FALSE,FALSE,FALSE,FALSE,FALSE,FALSE,FALSE,FALSE,FALSE,FALSE,FALSE,FALSE,FALSE,FALSE,FALSE,FALSE,FALSE,FALSE,FALSE,FALSE,FALSE,FALSE,FALSE,FALSE,FALSE,FALSE,FALSE,FALSE,FALSE,FALSE,FALSE,FALSE,FALSE,FALSE
28,Lariat,Unique,Extends a sticky tongue to grab small objects from out-of-reach places like a quick grappling hook.,"Snatches blasters out of enemy hands, yanks opponents toward it, or swings allies across wide gaps.",3,5,2,10,5,FALSE,FALSE,FALSE,TRUE,FALSE,FALSE,FALSE,FALSE,FALSE,FALSE,FALSE,FALSE,FALSE,FALSE,FALSE,FALSE,FALSE,FALSE,FALSE,FALSE,FALSE,FALSE,FALSE,FALSE,FALSE,FALSE,FALSE,FALSE,FALSE,FALSE,FALSE,FALSE,FALSE,FALSE,FALSE,FALSE,FALSE,FALSE,FALSE
29,Lavalynx,Fire,Radiates high ambient heat to melt ice or heat metal tools rapidly.,"Spits rivers of lava, drains the heat from its surroundings, and leaves pools of burning magma.",4,4,2,8,5,FALSE,FALSE,TRUE,FALSE,FALSE,TRUE,FALSE,FALSE,FALSE,FALSE,FALSE,FALSE,FALSE,FALSE,FALSE,FALSE,FALSE,FALSE,FALSE,FALSE,FALSE,FALSE,FALSE,FALSE,FALSE,FALSE,FALSE,FALSE,FALSE,FALSE,FALSE,FALSE,FALSE,FALSE,FALSE,FALSE,FALSE,FALSE,FALSE
30,Makobreaker,Metal,"Uses its hardened, razor-sharp head-crest to slice through thin metals or score stone.","Tunnels through rock and earth, then lunges up at the target to break through its defenses.",8,7,3,8,6,TRUE,TRUE,FALSE,FALSE,FALSE,FALSE,FALSE,FALSE,FALSE,FALSE,FALSE,FALSE,FALSE,FALSE,FALSE,FALSE,FALSE,FALSE,FALSE,FALSE,FALSE,FALSE,FALSE,FALSE,FALSE,FALSE,FALSE,FALSE,FALSE,FALSE,FALSE,FALSE,FALSE,FALSE,FALSE,FALSE,FALSE,FALSE,FALSE
31,Mimkey,Unique,Intelligenty mocks enemies,"Does almost no damage on its own. When shot as a counter, it copies the opposing slug and the two cancel each other out.",1,10,1,10,10,FALSE,FALSE,FALSE,FALSE,FALSE,FALSE,FALSE,FALSE,FALSE,FALSE,FALSE,FALSE,FALSE,FALSE,FALSE,FALSE,FALSE,FALSE,FALSE,FALSE,FALSE,FALSE,FALSE,FALSE,FALSE,FALSE,FALSE,FALSE,FALSE,FALSE,FALSE,FALSE,FALSE,FALSE,FALSE,FALSE,FALSE,FALSE,FALSE
32,Narwhaddle,Ice,Uses its small frozen horn to chip away at ice buildup or poke holes in soft materials.,Rams through obstacles and sends a freezing shockwave out from the point of impact.,4,5,2,10,4,TRUE,TRUE,FALSE,TRUE,TRUE,FALSE,FALSE,FALSE,FALSE,FALSE,FALSE,FALSE,FALSE,FALSE,FALSE,FALSE,FALSE,FALSE,FALSE,FALSE,FALSE,FALSE,FALSE,FALSE,FALSE,FALSE,FALSE,FALSE,FALSE,FALSE,FALSE,FALSE,FALSE,FALSE,FALSE,FALSE,FALSE,FALSE,FALSE
33,Negashade,Dark,"Absorbs ambient light around itself, creating small pockets of pitch-black shadow for concealment.","Smothers the target in darkness, blinding them so their next attack suffers, and leaves a patch of dark ground behind.",5,4,3,6,6,FALSE,FALSE,FALSE,FALSE,TRUE,TRUE,TRUE,FALSE,FALSE,FALSE,FALSE,FALSE,FALSE,FALSE,FALSE,FALSE,FALSE,FALSE,FALSE,FALSE,FALSE,FALSE,FALSE,FALSE,FALSE,FALSE,FALSE,FALSE,FALSE,FALSE,FALSE,FALSE,FALSE,FALSE,FALSE,FALSE,FALSE,FALSE,FALSE
34,Neotox,Toxic,Secretes tiny drops of corrosive fluid to dissolve rust or weaken small fasteners.,Spits pools of acid that eat away at things and clouds of nerve gas that paralyze.,5,3,2,8,4,TRUE,FALSE,FALSE,FALSE,FALSE,TRUE,FALSE,FALSE,FALSE,FALSE,FALSE,FALSE,FALSE,FALSE,FALSE,FALSE,FALSE,FALSE,FALSE,FALSE,FALSE,FALSE,FALSE,FALSE,FALSE,FALSE,FALSE,FALSE,FALSE,FALSE,FALSE,FALSE,FALSE,FALSE,FALSE,FALSE,FALSE,FALSE,FALSE
35,Phosphora,Light,Glows intensely like a high-powered lantern to illuminate dark subterranean caverns.,Fires intense laser beams and flashes that blind targets for a short while.,2,3,2,8,5,TRUE,FALSE,FALSE,FALSE,FALSE,FALSE,FALSE,FALSE,FALSE,FALSE,FALSE,FALSE,FALSE,FALSE,FALSE,FALSE,FALSE,FALSE,FALSE,FALSE,FALSE,FALSE,FALSE,FALSE,FALSE,FALSE,FALSE,FALSE,FALSE,FALSE,FALSE,FALSE,FALSE,FALSE,FALSE,FALSE,FALSE,FALSE,FALSE
36,Pieper,Psychic,Emits high-pitched chirps that can mimic simple sounds or distract small subterranean critters.,Controls nearby wild slugs and forces them to follow its commands.,2,4,2,8,5,FALSE,FALSE,FALSE,FALSE,FALSE,FALSE,FALSE,FALSE,FALSE,FALSE,FALSE,FALSE,FALSE,FALSE,FALSE,FALSE,FALSE,FALSE,FALSE,FALSE,FALSE,FALSE,FALSE,FALSE,FALSE,FALSE,FALSE,FALSE,FALSE,FALSE,FALSE,FALSE,FALSE,FALSE,FALSE,FALSE,FALSE,FALSE,FALSE
37,Polero,Metal,Wraps its split tail around small objects to carry them or hang from overhead beams.,"Splits in two mid-flight and binds the target's limbs, holding them in place for two of their turns.",3,5,2,10,4,FALSE,FALSE,FALSE,FALSE,FALSE,FALSE,FALSE,TRUE,FALSE,FALSE,FALSE,FALSE,FALSE,FALSE,FALSE,FALSE,FALSE,FALSE,FALSE,FALSE,FALSE,FALSE,FALSE,FALSE,FALSE,FALSE,FALSE,FALSE,FALSE,FALSE,FALSE,FALSE,FALSE,FALSE,FALSE,FALSE,FALSE,FALSE,FALSE
38,Rammstone,Earth,"Crushes small stones, digs footholds into soft earth, or wedges small openings open.",Smashes straight through solid stone walls and sends shockwaves across the ground.,7,7,3,8,5,TRUE,TRUE,FALSE,FALSE,TRUE,FALSE,FALSE,FALSE,FALSE,FALSE,FALSE,FALSE,FALSE,FALSE,FALSE,FALSE,FALSE,FALSE,FALSE,FALSE,FALSE,FALSE,FALSE,FALSE,FALSE,FALSE,FALSE,FALSE,FALSE,FALSE,FALSE,FALSE,FALSE,FALSE,FALSE,FALSE,FALSE,FALSE,FALSE
39,Sand Angler,Earth,"Softens small patches of soil or sand, making digging easier.","Blinds the target with a sandstorm so their next attack suffers, and traps their legs in quicksand so they can't move for two of their turns.",4,4,2,8,4,TRUE,FALSE,FALSE,FALSE,TRUE,TRUE,TRUE,TRUE,FALSE,FALSE,FALSE,FALSE,FALSE,FALSE,FALSE,FALSE,FALSE,FALSE,FALSE,FALSE,FALSE,FALSE,FALSE,FALSE,FALSE,FALSE,FALSE,FALSE,FALSE,FALSE,FALSE,FALSE,FALSE,FALSE,FALSE,FALSE,FALSE,FALSE,FALSE
40,Slicksilver,Metal,Attracts small metallic items like keys or loose bolts with a low-grade magnetic field.,"Pulls or pushes heavy metal objects and fries the target's blaster. Hit or miss, their next shot misfires.",5,5,2,8,5,FALSE,TRUE,FALSE,FALSE,FALSE,FALSE,FALSE,FALSE,FALSE,TRUE,FALSE,FALSE,FALSE,FALSE,FALSE,FALSE,FALSE,FALSE,FALSE,FALSE,FALSE,FALSE,FALSE,FALSE,FALSE,FALSE,FALSE,FALSE,FALSE,FALSE,FALSE,FALSE,FALSE,FALSE,FALSE,FALSE,FALSE,FALSE,FALSE
41,Slyren,Psychic,Hums a quiet lullaby that induces mild drowsiness in small creatures.,"Puts everyone in the area into a deep sleep, so they all lose their next turn.",3,4,3,6,6,FALSE,FALSE,FALSE,FALSE,TRUE,FALSE,FALSE,FALSE,TRUE,FALSE,FALSE,FALSE,FALSE,FALSE,FALSE,FALSE,FALSE,FALSE,FALSE,FALSE,FALSE,FALSE,FALSE,FALSE,FALSE,FALSE,FALSE,FALSE,FALSE,FALSE,FALSE,FALSE,FALSE,FALSE,FALSE,FALSE,FALSE,FALSE,FALSE
42,Speedstinger,Metal,Moves at incredible speeds over short distances to retrieve dropped tools or scout ahead unnoticed.,Bounces off walls at high speed and strikes from unexpected angles.,6,3,2,10,5,FALSE,TRUE,FALSE,FALSE,FALSE,FALSE,FALSE,FALSE,FALSE,FALSE,FALSE,FALSE,TRUE,FALSE,FALSE,FALSE,FALSE,FALSE,FALSE,FALSE,FALSE,FALSE,FALSE,FALSE,FALSE,FALSE,FALSE,FALSE,FALSE,FALSE,FALSE,FALSE,FALSE,FALSE,FALSE,FALSE,FALSE,FALSE,FALSE
43,Tazerling,Electricity,"Acts as a portable battery to jumpstart machinery, charge power packs, or produce mild static sparks.","Shocks the target, who loses their next turn, and arcs chain lightning to a second target nearby.",6,4,2,10,4,FALSE,FALSE,FALSE,FALSE,FALSE,FALSE,FALSE,FALSE,TRUE,FALSE,FALSE,FALSE,FALSE,FALSE,FALSE,FALSE,FALSE,FALSE,FALSE,FALSE,FALSE,FALSE,FALSE,FALSE,FALSE,FALSE,FALSE,FALSE,FALSE,FALSE,FALSE,FALSE,FALSE,FALSE,FALSE,FALSE,FALSE,FALSE,FALSE
44,Thresher,Metal,Cuts through thin ropes or vines using its sharp head-fin.,"Cuts through metal obstacles, armor and stone as if they were nothing.",9,4,3,6,6,TRUE,FALSE,FALSE,FALSE,FALSE,FALSE,FALSE,FALSE,FALSE,FALSE,FALSE,FALSE,FALSE,FALSE,FALSE,FALSE,FALSE,FALSE,FALSE,FALSE,FALSE,FALSE,FALSE,FALSE,FALSE,FALSE,FALSE,FALSE,FALSE,FALSE,FALSE,FALSE,FALSE,FALSE,FALSE,FALSE,FALSE,FALSE,FALSE
45,Thugglet,Psychic,Uses faint telekinesis to nudge small objects or tug on loose gear to annoy opponents.,"Jinxes an enemy's blaster so their next shot misfires. Shot at yourself instead, it makes you invisible to every other player for one turn, until you are hit.",3,5,2,8,4,FALSE,FALSE,FALSE,FALSE,FALSE,FALSE,FALSE,FALSE,FALSE,TRUE,FALSE,FALSE,FALSE,FALSE,TRUE,FALSE,FALSE,FALSE,FALSE,FALSE,FALSE,FALSE,FALSE,FALSE,FALSE,FALSE,FALSE,FALSE,FALSE,FALSE,FALSE,FALSE,FALSE,FALSE,FALSE,FALSE,FALSE,FALSE,FALSE
46,Tormato,Air,"Produces small, gentle whirlwinds that clear dust, blow away light debris, or fan flames.",Creates a violent tornado that lifts targets into the air and scatters incoming projectiles.,10,5,4,10,4,FALSE,TRUE,FALSE,FALSE,TRUE,FALSE,FALSE,FALSE,FALSE,FALSE,FALSE,FALSE,FALSE,FALSE,FALSE,FALSE,FALSE,FALSE,FALSE,FALSE,FALSE,FALSE,FALSE,FALSE,FALSE,FALSE,FALSE,FALSE,FALSE,FALSE,FALSE,FALSE,FALSE,FALSE,FALSE,FALSE,FALSE,FALSE,FALSE
47,Vinedrill,Plant,"Sprouts fast-growing vines to weave temporary ropes, secure gear, or harvest hard-to-reach flora.",Entangles enemies in thorned vines and releases spore clouds that paralyze.,4,7,2,10,4,FALSE,FALSE,TRUE,TRUE,TRUE,FALSE,FALSE,FALSE,FALSE,FALSE,FALSE,FALSE,FALSE,FALSE,FALSE,FALSE,FALSE,FALSE,FALSE,FALSE,FALSE,FALSE,FALSE,FALSE,FALSE,FALSE,FALSE,FALSE,FALSE,FALSE,FALSE,FALSE,FALSE,FALSE,FALSE,FALSE,FALSE,FALSE,FALSE
48,Xmitter,Electricity,Emits minor static pulses that clear radio static or briefly disrupt digital displays.,"Short-circuits the target's blaster. Hit or miss, their next shot misfires.",7,4,3,8,5,FALSE,TRUE,FALSE,FALSE,FALSE,FALSE,FALSE,FALSE,FALSE,TRUE,FALSE,FALSE,FALSE,FALSE,FALSE,FALSE,FALSE,FALSE,FALSE,FALSE,FALSE,FALSE,FALSE,FALSE,FALSE,FALSE,FALSE,FALSE,FALSE,FALSE,FALSE,FALSE,FALSE,FALSE,FALSE,FALSE,FALSE,FALSE,FALSE
49,Emberblade,Fire,"When cooking from a fire made by this slug, the food quality is increased.","Slashes at enemies and leaves a wall of fire along its path. In a clash, its power and defense are tripled.",3,3,2,16,7,FALSE,FALSE,TRUE,FALSE,FALSE,FALSE,FALSE,FALSE,FALSE,FALSE,FALSE,FALSE,FALSE,FALSE,FALSE,FALSE,FALSE,FALSE,TRUE,FALSE,FALSE,FALSE,FALSE,FALSE,FALSE,FALSE,FALSE,FALSE,FALSE,FALSE,FALSE,FALSE,FALSE,FALSE,FALSE,FALSE,FALSE,FALSE,FALSE
50,Frostfire,Fire,The slug can freeze and defreeze objects in a cryo stasis.,"Choose when you shoot it: burn the target with fire, or build an ice wall or an ice bridge.",5,3,2,6,8,FALSE,FALSE,TRUE,TRUE,FALSE,FALSE,FALSE,FALSE,FALSE,FALSE,FALSE,FALSE,FALSE,FALSE,FALSE,FALSE,FALSE,FALSE,FALSE,FALSE,FALSE,FALSE,FALSE,FALSE,FALSE,FALSE,FALSE,FALSE,FALSE,FALSE,FALSE,FALSE,FALSE,FALSE,FALSE,FALSE,FALSE,FALSE,FALSE
51,Sagebloom,Plant,This slug grows seeds on its head and hands that make for tasteful spices.,Fires seeds at the target for heavy damage.,7,1,3,2,3,FALSE,FALSE,FALSE,FALSE,FALSE,FALSE,FALSE,FALSE,FALSE,FALSE,FALSE,FALSE,FALSE,FALSE,FALSE,FALSE,FALSE,FALSE,FALSE,FALSE,FALSE,FALSE,FALSE,FALSE,FALSE,FALSE,FALSE,FALSE,FALSE,FALSE,FALSE,FALSE,FALSE,FALSE,FALSE,FALSE,FALSE,FALSE,FALSE
52,Zeus,Electricity,"This slug can super charge equipment making htem function at 200% for an hour, but afterwards breaks the technology","Moves at lightning speed, which makes it almost impossible to counter. Its own flight is too fast to follow.",10,4,4,6,9,FALSE,FALSE,FALSE,FALSE,FALSE,FALSE,FALSE,FALSE,FALSE,FALSE,FALSE,FALSE,FALSE,TRUE,FALSE,FALSE,FALSE,FALSE,FALSE,FALSE,FALSE,FALSE,FALSE,FALSE,FALSE,FALSE,FALSE,FALSE,FALSE,FALSE,FALSE,FALSE,FALSE,FALSE,FALSE,FALSE,FALSE,FALSE,FALSE
53,Bladier,Metal,Shifts and hardens it's body to form a strong dagger that can be thrown or used in Melee,"Punches straight through the first wall in its path, breaking it open, and keeps going to hit the target at full power.",3,7,2,16,6,TRUE,TRUE,FALSE,FALSE,FALSE,FALSE,FALSE,FALSE,FALSE,FALSE,TRUE,FALSE,FALSE,FALSE,FALSE,FALSE,FALSE,FALSE,FALSE,FALSE,FALSE,FALSE,FALSE,FALSE,FALSE,FALSE,FALSE,FALSE,FALSE,FALSE,FALSE,FALSE,FALSE,FALSE,FALSE,FALSE,FALSE,FALSE,FALSE
54,Cybercut,Electricity,This slug can connect to electronics and hack them.,Arcs lightning at the closest target.,7,7,3,4,6,FALSE,FALSE,FALSE,FALSE,FALSE,FALSE,FALSE,FALSE,FALSE,FALSE,FALSE,FALSE,FALSE,FALSE,FALSE,FALSE,FALSE,FALSE,FALSE,FALSE,FALSE,FALSE,FALSE,FALSE,FALSE,FALSE,FALSE,FALSE,FALSE,FALSE,FALSE,FALSE,FALSE,FALSE,FALSE,FALSE,FALSE,FALSE,FALSE
55,Graspvine,Plant,This slugs can manipulate the growth of plants to support beams or caverns to be safer,"Digs underground for a few seconds, then bursts out and grabs nearby slingers, stopping them from taking any action.",2,3,3,4,5,FALSE,FALSE,FALSE,FALSE,TRUE,FALSE,FALSE,FALSE,TRUE,FALSE,FALSE,FALSE,FALSE,FALSE,FALSE,FALSE,FALSE,FALSE,FALSE,FALSE,FALSE,FALSE,FALSE,FALSE,FALSE,FALSE,FALSE,FALSE,FALSE,FALSE,FALSE,FALSE,FALSE,FALSE,FALSE,FALSE,FALSE,FALSE,FALSE
56,Sapheart,Healing,This slug's feces is very commonly used in medicine for its healing properties.,"On landing, creates a healing mist that heals every slinger inside it.",8,1,3,6,7,FALSE,FALSE,FALSE,FALSE,FALSE,FALSE,FALSE,FALSE,FALSE,FALSE,FALSE,FALSE,FALSE,FALSE,FALSE,FALSE,FALSE,FALSE,FALSE,FALSE,FALSE,FALSE,FALSE,FALSE,FALSE,FALSE,FALSE,FALSE,FALSE,FALSE,FALSE,FALSE,FALSE,FALSE,FALSE,FALSE,FALSE,FALSE,FALSE
57,Thornlash,Plant,"This slug's thorns can be plucked and used as needles, it is stronger than steel.","Fires a cone of spikes for reduced area damage, then still hits the target directly.",7,3,2,6,8,FALSE,FALSE,FALSE,FALSE,FALSE,FALSE,FALSE,FALSE,FALSE,FALSE,FALSE,FALSE,FALSE,FALSE,FALSE,FALSE,FALSE,FALSE,FALSE,TRUE,FALSE,FALSE,FALSE,FALSE,FALSE,FALSE,FALSE,FALSE,FALSE,FALSE,FALSE,FALSE,FALSE,FALSE,FALSE,FALSE,FALSE,FALSE,FALSE
58,Pressure Tick,Water,This slug can swallow water and shoot it out as steam.,"Leaves three steam pods close by. After one turn, each releases a scalding blast that hurts anyone caught in it.",2,4,3,12,5,FALSE,FALSE,FALSE,FALSE,FALSE,FALSE,FALSE,FALSE,FALSE,FALSE,FALSE,FALSE,FALSE,FALSE,FALSE,FALSE,FALSE,FALSE,FALSE,FALSE,TRUE,FALSE,FALSE,FALSE,FALSE,FALSE,FALSE,FALSE,FALSE,FALSE,FALSE,FALSE,FALSE,FALSE,FALSE,FALSE,FALSE,FALSE,FALSE
59,Mirage Coil,Light,This slug can create mirrage copies of themselves to confuse predators,Creates false copies of its slinger to confuse opponents.,1,1,1,6,7,FALSE,FALSE,FALSE,FALSE,FALSE,FALSE,FALSE,FALSE,FALSE,FALSE,FALSE,FALSE,FALSE,FALSE,FALSE,FALSE,FALSE,FALSE,FALSE,FALSE,FALSE,TRUE,FALSE,FALSE,FALSE,FALSE,FALSE,FALSE,FALSE,FALSE,FALSE,FALSE,FALSE,FALSE,FALSE,FALSE,FALSE,FALSE,FALSE
60,Regulator,Fire,This slug on random occasions needs to blow off steam releasing heat waves to keep itself healthy.,"On impact, forms a star of fire walls. A slinger hit by one of the walls takes a lot of damage.",4,4,2,4,9,FALSE,FALSE,FALSE,FALSE,FALSE,FALSE,FALSE,FALSE,FALSE,FALSE,FALSE,FALSE,FALSE,FALSE,FALSE,FALSE,FALSE,FALSE,FALSE,FALSE,FALSE,FALSE,TRUE,FALSE,FALSE,FALSE,FALSE,FALSE,FALSE,FALSE,FALSE,FALSE,FALSE,FALSE,FALSE,FALSE,FALSE,FALSE,FALSE
61,Anchorage,Metal,"This slug can make small objects remain in place for a short period of time, even if the object should be falling it stays in place.","Creates a zone where slingers can't be knocked back, and where the ground, walls and bridges can't be broken.",2,2,3,6,7,FALSE,FALSE,FALSE,FALSE,FALSE,FALSE,FALSE,FALSE,FALSE,FALSE,FALSE,FALSE,FALSE,FALSE,FALSE,FALSE,FALSE,FALSE,FALSE,FALSE,FALSE,FALSE,FALSE,TRUE,FALSE,FALSE,FALSE,FALSE,FALSE,FALSE,FALSE,FALSE,FALSE,FALSE,FALSE,FALSE,FALSE,FALSE,FALSE
62,Echo-ash,Fire,This slug can manipulate ash to form shapes or pictures.,Blinds opponents and leaves an ash cloud that burns anyone inside it.,4,3,1,10,2,FALSE,FALSE,FALSE,FALSE,FALSE,TRUE,TRUE,FALSE,FALSE,FALSE,FALSE,FALSE,FALSE,FALSE,FALSE,FALSE,FALSE,FALSE,FALSE,FALSE,FALSE,FALSE,FALSE,FALSE,FALSE,FALSE,FALSE,FALSE,FALSE,FALSE,FALSE,FALSE,FALSE,FALSE,FALSE,FALSE,FALSE,FALSE,FALSE
63,Keystone,Energy,This slug is able to detect structural weakness by touching structures and point it out to slingers.,Immediately builds fortifications and foundations to protect where it landed.,1,10,3,16,10,FALSE,FALSE,TRUE,TRUE,FALSE,FALSE,FALSE,FALSE,FALSE,FALSE,FALSE,FALSE,FALSE,FALSE,FALSE,FALSE,FALSE,FALSE,FALSE,FALSE,FALSE,FALSE,FALSE,FALSE,FALSE,FALSE,FALSE,FALSE,FALSE,FALSE,FALSE,FALSE,FALSE,FALSE,FALSE,FALSE,FALSE,FALSE,FALSE
64,Caligo,Water,"Can sterilize surfaces, objects and people.","In a clash with a Fire-type slug, on either side, it turns to steam and both slugs fizzle out with no damage. Where it lands, it puts out the nearest fire wall, bridge or hazard, or, if there's nothing to put out, leaves a cloud of scalding steam.",2,5,2,6,6,FALSE,FALSE,FALSE,FALSE,FALSE,FALSE,FALSE,FALSE,FALSE,FALSE,FALSE,FALSE,FALSE,FALSE,FALSE,FALSE,FALSE,FALSE,FALSE,FALSE,FALSE,FALSE,FALSE,FALSE,TRUE,TRUE,FALSE,FALSE,FALSE,FALSE,FALSE,FALSE,FALSE,FALSE,FALSE,FALSE,FALSE,FALSE,FALSE
65,Cynosure,Metal,Can become slightly magnetic and thus is good for fixing or tightening small screws within mechanical equipment.,"Fries the target's blaster, hit or miss, so they can't shoot on their next turn. Where it lands, it leaves a magnetic field that keeps anyone inside disarmed for as long as they stay, plus one more turn after they leave.",3,5,2,4,8,FALSE,FALSE,FALSE,FALSE,FALSE,FALSE,FALSE,FALSE,FALSE,FALSE,FALSE,FALSE,FALSE,FALSE,FALSE,FALSE,FALSE,FALSE,FALSE,FALSE,FALSE,FALSE,FALSE,FALSE,FALSE,FALSE,TRUE,TRUE,FALSE,FALSE,FALSE,FALSE,FALSE,FALSE,FALSE,FALSE,FALSE,FALSE,FALSE
66,Perplexus,Psychic,When looking directly into its eyes it makes it difficult but not impossible to lie.,"Replaces the usual Psychic stun with a chosen effect. On someone else: reverse their next move, blind them, or slow their reaction to the next shot. On yourself: sharpen your reaction, or gain keen vision for your next attack.",3,5,2,5,8,FALSE,FALSE,FALSE,FALSE,FALSE,FALSE,FALSE,FALSE,FALSE,FALSE,FALSE,FALSE,FALSE,FALSE,FALSE,FALSE,FALSE,FALSE,FALSE,FALSE,FALSE,FALSE,FALSE,FALSE,FALSE,FALSE,FALSE,FALSE,TRUE,FALSE,FALSE,FALSE,FALSE,FALSE,FALSE,FALSE,FALSE,FALSE,FALSE
67,Tesser,Energy,Able to store an item less than 10cm x 10cm in a sort of pocket dimension.,"On a hit, swaps places with the slinger it struck.",3,5,2,5,7,FALSE,FALSE,FALSE,FALSE,FALSE,FALSE,FALSE,FALSE,FALSE,FALSE,FALSE,FALSE,FALSE,FALSE,FALSE,FALSE,FALSE,FALSE,FALSE,FALSE,FALSE,FALSE,FALSE,FALSE,FALSE,FALSE,FALSE,FALSE,FALSE,TRUE,FALSE,FALSE,FALSE,FALSE,FALSE,FALSE,FALSE,FALSE,FALSE
68,Tremorock,Earth,"Although it has no discerning abilities, it has crazy endurance and is able to outlast most well trained slugs even when just caught.",Slams into the ground and sends out a shockwave that throws everyone nearby off balance and breaks weak structures.,4,4,1,8,2,TRUE,TRUE,FALSE,FALSE,TRUE,FALSE,FALSE,FALSE,FALSE,FALSE,FALSE,FALSE,FALSE,FALSE,FALSE,FALSE,FALSE,FALSE,FALSE,FALSE,FALSE,FALSE,FALSE,FALSE,FALSE,FALSE,FALSE,FALSE,FALSE,FALSE,FALSE,FALSE,FALSE,FALSE,FALSE,FALSE,FALSE,FALSE,FALSE
69,Ventus,Air,"Can whip up small, controlled gusts even without transforming, making it excellent for breaking small objects or playing pranks.",Releases a burst of wind that knocks everyone nearby off their feet.,4,4,2,4,3,FALSE,TRUE,FALSE,FALSE,TRUE,FALSE,FALSE,FALSE,FALSE,FALSE,FALSE,FALSE,FALSE,FALSE,FALSE,FALSE,FALSE,FALSE,FALSE,FALSE,FALSE,FALSE,FALSE,FALSE,FALSE,FALSE,FALSE,FALSE,FALSE,FALSE,FALSE,FALSE,FALSE,FALSE,FALSE,FALSE,FALSE,FALSE,FALSE
70,Mantis,Water,"Very good at finding places to hide from rain, wind, or currents -- following one will always lead you out of a disaster.","Breaks through walls and shoves opponents back with a shockwave, like Armashelt but not as strong.",4,6,2,4,4,TRUE,TRUE,FALSE,FALSE,FALSE,FALSE,FALSE,FALSE,FALSE,FALSE,FALSE,FALSE,FALSE,FALSE,FALSE,FALSE,FALSE,FALSE,FALSE,FALSE,FALSE,FALSE,FALSE,FALSE,FALSE,FALSE,FALSE,FALSE,FALSE,FALSE,FALSE,FALSE,FALSE,FALSE,FALSE,FALSE,FALSE,FALSE,FALSE
71,Psi,Energy,"Able to reduce the friction of objects it touches, making it common among mechanics and assemblers.","On a hit, changes the target's friction. Either they are stuck in place, or they slip and might end their next move early.",3,5,2,5,6,FALSE,FALSE,FALSE,FALSE,FALSE,FALSE,FALSE,FALSE,FALSE,FALSE,FALSE,FALSE,FALSE,FALSE,FALSE,FALSE,FALSE,FALSE,FALSE,FALSE,FALSE,FALSE,FALSE,FALSE,FALSE,FALSE,FALSE,FALSE,FALSE,FALSE,TRUE,FALSE,FALSE,FALSE,FALSE,FALSE,FALSE,FALSE,FALSE
72,Lentus,Energy,"Can be trained to enter blasters all by itself, no manual reloading needed once it truly trusts its slinger.","Creates a lasting crosswind that bends the path of any shot passing through it, friend or foe.",3,4,2,4,7,FALSE,FALSE,FALSE,FALSE,FALSE,FALSE,FALSE,FALSE,FALSE,FALSE,FALSE,FALSE,FALSE,FALSE,FALSE,FALSE,FALSE,FALSE,FALSE,FALSE,FALSE,FALSE,FALSE,FALSE,FALSE,FALSE,FALSE,FALSE,FALSE,FALSE,FALSE,TRUE,TRUE,FALSE,FALSE,FALSE,FALSE,FALSE,FALSE
73,Zephur,Energy,"Famously territorial, often used as home defense systems.","Attacks with tail whips, slashes, punches and headbutts. It is weaker than most in a straight fight, but its power and defense triple when caught in a clash.",3,3,2,6,5,FALSE,FALSE,FALSE,FALSE,FALSE,FALSE,FALSE,FALSE,FALSE,FALSE,FALSE,FALSE,FALSE,FALSE,FALSE,FALSE,FALSE,FALSE,TRUE,FALSE,FALSE,FALSE,FALSE,FALSE,FALSE,FALSE,FALSE,FALSE,FALSE,FALSE,FALSE,FALSE,FALSE,FALSE,FALSE,FALSE,FALSE,FALSE,FALSE
74,Eunoa,Psychic,"Able to greatly reduce a slinger's own emotions in times of danger, letting them focus purely on the fight.","Floods whoever it hits with overwhelming emotion. Shot at yourself, it sharpens your focus: advantage and no range penalty on your next attack, and a longer window to counter. At someone else, it leaves them confused and unable to see.",3,5,2,5,7,FALSE,FALSE,FALSE,FALSE,FALSE,FALSE,FALSE,FALSE,FALSE,FALSE,FALSE,FALSE,FALSE,FALSE,FALSE,FALSE,FALSE,FALSE,FALSE,FALSE,FALSE,FALSE,FALSE,FALSE,FALSE,FALSE,FALSE,FALSE,FALSE,FALSE,FALSE,FALSE,FALSE,TRUE,FALSE,FALSE,FALSE,FALSE,FALSE
75,Meduslug,Psychic,This slug does not need water to survive and gets all its nutrition from its diet -- the only slug that's omnivorous.,"Can't be countered and always hits for triple damage, leaving the target completely stunned and unable to shoot, move or act for their whole next turn.",2,3,3,3,9,FALSE,FALSE,FALSE,FALSE,FALSE,FALSE,FALSE,FALSE,TRUE,FALSE,FALSE,FALSE,FALSE,FALSE,FALSE,FALSE,FALSE,FALSE,FALSE,FALSE,FALSE,FALSE,FALSE,FALSE,FALSE,FALSE,FALSE,FALSE,FALSE,FALSE,FALSE,FALSE,FALSE,FALSE,TRUE,TRUE,FALSE,FALSE,FALSE
76,Arcling,Electricity,"When interacting with an electrical item, it can track where it was for the last 6 hours.","Marks whoever it hits with a lingering static charge. Whenever this slug later damages anyone, a quarter of that damage also hits every marked slinger.",4,4,1,8,6,FALSE,FALSE,FALSE,FALSE,FALSE,FALSE,FALSE,FALSE,FALSE,FALSE,FALSE,FALSE,FALSE,FALSE,FALSE,FALSE,FALSE,FALSE,FALSE,FALSE,FALSE,FALSE,FALSE,FALSE,FALSE,FALSE,FALSE,FALSE,FALSE,FALSE,FALSE,FALSE,FALSE,FALSE,FALSE,FALSE,TRUE,FALSE,FALSE
77,Driplet,Water,"Leaks a thin trickle of water, just enough to fill a cup or dampen a rag.","Splashes the target weakly, barely enough to startle them.",1,2,1,4,1,FALSE,FALSE,FALSE,FALSE,FALSE,FALSE,FALSE,FALSE,FALSE,FALSE,FALSE,FALSE,FALSE,FALSE,FALSE,FALSE,FALSE,FALSE,FALSE,FALSE,FALSE,FALSE,FALSE,FALSE,FALSE,FALSE,FALSE,FALSE,FALSE,FALSE,FALSE,FALSE,FALSE,FALSE,FALSE,FALSE,FALSE,FALSE,FALSE
78,Puffshroom,Plant,"Releases a light cloud of harmless spores when squeezed, good for marking a trail.",Puffs out a small spore cloud that stings the eyes for a moment.,2,1,1,4,1,FALSE,FALSE,FALSE,FALSE,FALSE,FALSE,TRUE,FALSE,FALSE,FALSE,FALSE,FALSE,FALSE,FALSE,FALSE,FALSE,FALSE,FALSE,FALSE,FALSE,FALSE,FALSE,FALSE,FALSE,FALSE,FALSE,FALSE,FALSE,FALSE,FALSE,FALSE,FALSE,FALSE,FALSE,FALSE,FALSE,FALSE,FALSE,FALSE
79,Chillnip,Ice,Cools a drink or numbs a small bruise with a light frosty touch.,"Fires a small ice pellet that leaves a thin, slippery patch of frost on the ground.",2,2,1,6,2,FALSE,FALSE,FALSE,FALSE,FALSE,FALSE,FALSE,FALSE,FALSE,FALSE,FALSE,FALSE,FALSE,FALSE,FALSE,FALSE,FALSE,TRUE,FALSE,FALSE,FALSE,FALSE,FALSE,FALSE,FALSE,FALSE,FALSE,FALSE,FALSE,FALSE,FALSE,FALSE,FALSE,FALSE,FALSE,FALSE,FALSE,FALSE,FALSE
80,Soot Pup,Toxic,Leaves faint sooty pawprints that fade quickly.,Coughs up a weak puff of soot that briefly clouds vision.,1,1,1,4,1,FALSE,FALSE,FALSE,FALSE,FALSE,FALSE,TRUE,FALSE,FALSE,FALSE,FALSE,FALSE,FALSE,FALSE,FALSE,FALSE,FALSE,FALSE,FALSE,FALSE,FALSE,FALSE,FALSE,FALSE,FALSE,FALSE,FALSE,FALSE,FALSE,FALSE,FALSE,FALSE,FALSE,FALSE,FALSE,FALSE,FALSE,FALSE,FALSE
81,Driftmoth,Air,"Flutters gently, useful for testing wind direction.","Kicks up a light gust, just enough to nudge a target off balance.",1,2,1,6,1,FALSE,TRUE,FALSE,FALSE,FALSE,FALSE,FALSE,FALSE,FALSE,FALSE,FALSE,FALSE,FALSE,FALSE,FALSE,FALSE,FALSE,FALSE,FALSE,FALSE,FALSE,FALSE,FALSE,FALSE,FALSE,FALSE,FALSE,FALSE,FALSE,FALSE,FALSE,FALSE,FALSE,FALSE,FALSE,FALSE,FALSE,FALSE,FALSE
82,Glowdab,Light,"Gives off a faint, comforting nightlight glow.",Gives off a brief flash that makes the target flinch and blink.,1,1,1,4,1,FALSE,FALSE,FALSE,FALSE,FALSE,FALSE,TRUE,FALSE,FALSE,FALSE,FALSE,FALSE,FALSE,FALSE,FALSE,FALSE,FALSE,FALSE,FALSE,FALSE,FALSE,FALSE,FALSE,FALSE,FALSE,FALSE,FALSE,FALSE,FALSE,FALSE,FALSE,FALSE,FALSE,FALSE,FALSE,FALSE,FALSE,FALSE,FALSE
83,Murkling,Dark,"Casts a small, harmless shadow puppet shape on nearby walls.",Wraps the target in a thin veil of shadow. Unsettling but brief.,2,2,1,6,2,FALSE,FALSE,FALSE,FALSE,FALSE,FALSE,FALSE,FALSE,FALSE,FALSE,FALSE,FALSE,FALSE,FALSE,FALSE,TRUE,FALSE,FALSE,FALSE,FALSE,FALSE,FALSE,FALSE,FALSE,FALSE,FALSE,FALSE,FALSE,FALSE,FALSE,FALSE,FALSE,FALSE,FALSE,FALSE,FALSE,FALSE,FALSE,FALSE
84,Dustkin,Earth,"Kicks up a small dust cloud, handy for covering tracks.",Throws a weak spray of pebbles and grit at the target.,2,1,1,4,1,FALSE,FALSE,FALSE,FALSE,FALSE,FALSE,FALSE,FALSE,FALSE,FALSE,FALSE,FALSE,FALSE,FALSE,FALSE,FALSE,FALSE,FALSE,FALSE,FALSE,FALSE,FALSE,FALSE,FALSE,FALSE,FALSE,FALSE,FALSE,FALSE,FALSE,FALSE,FALSE,FALSE,FALSE,FALSE,FALSE,FALSE,FALSE,FALSE
85,Fernwick,Plant,Weaves a couple of thin leaves into a small basket or wrap.,"Raises a short, low screen of leaves that gives a moment of cover.",1,3,1,6,2,FALSE,FALSE,TRUE,FALSE,FALSE,FALSE,FALSE,FALSE,FALSE,FALSE,FALSE,FALSE,FALSE,FALSE,FALSE,FALSE,FALSE,FALSE,FALSE,FALSE,FALSE,FALSE,FALSE,FALSE,FALSE,FALSE,FALSE,FALSE,FALSE,FALSE,FALSE,FALSE,FALSE,FALSE,FALSE,FALSE,FALSE,FALSE,FALSE
86,Spark Mite,Electricity,"Produces a tiny static tingle, enough to fluff up hair.",Gives the target a weak jolt that makes them flinch but does little else.,2,1,1,4,1,FALSE,FALSE,FALSE,FALSE,FALSE,FALSE,FALSE,FALSE,FALSE,FALSE,FALSE,FALSE,FALSE,FALSE,FALSE,FALSE,FALSE,FALSE,FALSE,FALSE,FALSE,FALSE,FALSE,FALSE,FALSE,FALSE,FALSE,FALSE,FALSE,FALSE,FALSE,FALSE,FALSE,FALSE,FALSE,FALSE,FALSE,FALSE,FALSE
87,Tidbit,Healing,"Licks a small scrape clean, more comforting than medicinal.",Takes the edge off minor pain.,1,2,1,6,2,FALSE,FALSE,FALSE,FALSE,FALSE,FALSE,FALSE,FALSE,FALSE,FALSE,FALSE,FALSE,FALSE,FALSE,FALSE,FALSE,FALSE,FALSE,FALSE,FALSE,FALSE,FALSE,FALSE,FALSE,FALSE,FALSE,FALSE,FALSE,FALSE,FALSE,FALSE,FALSE,FALSE,FALSE,FALSE,FALSE,FALSE,FALSE,FALSE
88,Cobblet,Metal,"Taps out a dull clink, useful for testing if metal is hollow.","Bonks the target with a small, dull knock. Mostly just annoying.",2,3,1,6,2,FALSE,FALSE,FALSE,FALSE,FALSE,FALSE,FALSE,FALSE,FALSE,FALSE,FALSE,FALSE,FALSE,FALSE,FALSE,FALSE,FALSE,FALSE,FALSE,FALSE,FALSE,FALSE,FALSE,FALSE,FALSE,FALSE,FALSE,FALSE,FALSE,FALSE,FALSE,FALSE,FALSE,FALSE,FALSE,FALSE,FALSE,FALSE,FALSE
89,Wisplet,Unique,Drifts lazily and glows faintly when it's calm.,"Bumps the target with a soft, harmless pulse.",1,1,1,4,1,FALSE,FALSE,FALSE,FALSE,FALSE,FALSE,FALSE,FALSE,FALSE,FALSE,FALSE,FALSE,FALSE,FALSE,FALSE,FALSE,FALSE,FALSE,FALSE,FALSE,FALSE,FALSE,FALSE,FALSE,FALSE,FALSE,FALSE,FALSE,FALSE,FALSE,FALSE,FALSE,FALSE,FALSE,FALSE,FALSE,FALSE,FALSE,FALSE
90,Cindermite,Fire,"Keeps a single ember alive, just enough to relight a torch.",Flicks out a tiny spark that singes but doesn't truly burn.,3,1,1,4,2,FALSE,FALSE,FALSE,FALSE,FALSE,FALSE,FALSE,FALSE,FALSE,FALSE,FALSE,FALSE,FALSE,FALSE,FALSE,FALSE,FALSE,FALSE,FALSE,FALSE,FALSE,FALSE,FALSE,FALSE,FALSE,FALSE,FALSE,FALSE,FALSE,FALSE,FALSE,FALSE,FALSE,FALSE,FALSE,FALSE,FALSE,FALSE,FALSE
91,Ripplet,Water,Sends small ripples across still water to signal from a distance.,Sends a short-range ripple across the ground that gently rocks the target's footing.,2,2,1,4,1,FALSE,TRUE,FALSE,FALSE,FALSE,FALSE,FALSE,FALSE,FALSE,FALSE,FALSE,FALSE,FALSE,FALSE,FALSE,FALSE,FALSE,FALSE,FALSE,FALSE,FALSE,FALSE,FALSE,FALSE,FALSE,FALSE,FALSE,FALSE,FALSE,FALSE,FALSE,FALSE,FALSE,FALSE,FALSE,FALSE,FALSE,FALSE,FALSE
